[['Special:Random'], ['National_Basketball_Association'], ['Professional_basketball'], ['Amateur_sports'], ['Sport'], ['Competition'], ['Rivalry'], ['Social_group'], ['Social_science'], ['Branches_of_science'], ['Science'], ['Scientific_method'], ['Empirical_evidence'], ['Proposition'], ['Logic'], ['Truth'], ['Fact'], ['Experience'], ['Conscious'], ['Sentience'], ['Emotion'], ['Mental_state'], ['Mind'], ['Phenomena'], ['Observable'], ['Physics'], ['Natural_science'], ['Branches_of_science']]
[['Special:Random'], ['Mainland,_Orkney'], ['Orkney'], ['Archipelago'], ['Island'], ['Continent', 'Subcontinents'], ['Landmass'], ['Region'], ['Geography'], ['Solar_System'], ['Gravity'], ['List_of_natural_phenomena'], ['Weather'], ['Atmosphere'], ['Gas'], ['State_of_matter'], ['Physics'], ['Natural_science'], ['Branches_of_science'], ['Science'], ['Scientific_method'], ['Empirical_evidence'], ['Proposition'], ['Logic'], ['Truth'], ['Fact'], ['Experience'], ['Conscious'], ['Sentience'], ['Emotion'], ['Mental_state'], ['Mind'], ['Phenomena'], ['Observable'], ['Physics']]
[['Special:Random'], ['Netherlands'], ['Terminology_of_the_Low_Countries', 'Holland_'], ['Low_Countries'], ['Europe'], ['Eurasia'], ['Continent'], ['Landmass'], ['Region'], ['Geography'], ['Solar_System'], ['Gravity'], ['List_of_natural_phenomena'], ['Weather'], ['Atmosphere'], ['Gas'], ['State_of_matter'], ['Physics'], ['Natural_science'], ['Branches_of_science'], ['Science'], ['Scientific_method'], ['Empirical_evidence'], ['Proposition'], ['Logic'], ['Truth'], ['Fact'], ['Experience'], ['Conscious'], ['Sentience'], ['Emotion'], ['Mental_state'], ['Mind'], ['Phenomena'], ['Observable'], ['Physics']]
[['Special:Random'], ['Manj_Rural_District'], ['Rural_Districts_of_Iran'], ['Administrative_divisions_of_Iran'], ['Country_subdivision'], ['Sovereign_state'], ['Polity'], ['Political'], ['Decision-making'], ['Psychology'], ['Scientific'], ['Scientific_method'], ['Empirical_evidence'], ['Proposition'], ['Logic'], ['Truth'], ['Fact'], ['Experience'], ['Conscious'], ['Sentience'], ['Emotion'], ['Mental_state'], ['Mind'], ['Phenomena'], ['Observable'], ['Physics'], ['Natural_science'], ['Branches_of_science'], ['Science'], ['Scientific_method']]
[['Special:Random'], ['Tennis'], ['Racket_sport'], ['Game'], ['Play_']]
[['Special:Random'], ['Manga'], ['Comics'], ['Media_']]
[['Special:Random'], ['Poles'], ['Nation'], ['Community'], ['Social_unit'], ['Social_science'], ['Branches_of_science'], ['Science'], ['Scientific_method'], ['Empirical_evidence'], ['Proposition'], ['Logic'], ['Truth'], ['Fact'], ['Experience'], ['Conscious'], ['Sentience'], ['Emotion'], ['Mental_state'], ['Mind'], ['Phenomena'], ['Observable'], ['Physics'], ['Natural_science'], ['Branches_of_science']]
[['Special:Random'], ['National_Register_of_Historic_Places'], ['United_States_federal_government'], ['Federation', 'Federal_governments'], ['Political_entity'], ['Political'], ['Decision-making'], ['Psychology'], ['Scientific'], ['Scientific_method'], ['Empirical_evidence'], ['Proposition'], ['Logic'], ['Truth'], ['Fact'], ['Experience'], ['Conscious'], ['Sentience'], ['Emotion'], ['Mental_state'], ['Mind'], ['Phenomena'], ['Observable'], ['Physics'], ['Natural_science'], ['Branches_of_science'], ['Science'], ['Scientific_method']]
[['Special:Random'], ['Tameside_Metropolitan_Borough_Council'], ['Tameside'], ['Metropolitan_borough'], ['Districts_of_England'], ['Subdivisions_of_England']]
[['Special:Random'], ['Devils_Lake,_North_Dakota'], ['Ramsey_County,_North_Dakota'], ['County_'], ['Region'], ['Geography'], ['Solar_System'], ['Gravity'], ['List_of_natural_phenomena'], ['Weather'], ['Atmosphere'], ['Gas'], ['State_of_matter'], ['Physics'], ['Natural_science'], ['Branches_of_science'], ['Science'], ['Scientific_method'], ['Empirical_evidence'], ['Proposition'], ['Logic'], ['Truth'], ['Fact'], ['Experience'], ['Conscious'], ['Sentience'], ['Emotion'], ['Mental_state'], ['Mind'], ['Phenomena'], ['Observable'], ['Physics']]
[['Special:Random'], ['Sharon_Turner'], ['Pentonville'], ['Central_London'], ['London'], ['Capital_city'], ['Municipality'], ['Administrative_division'], ['Sovereign_state'], ['Polity'], ['Political'], ['Decision-making'], ['Psychology'], ['Scientific'], ['Scientific_method'], ['Empirical_evidence'], ['Proposition'], ['Logic'], ['Truth'], ['Fact'], ['Experience'], ['Conscious'], ['Sentience'], ['Emotion'], ['Mental_state'], ['Mind'], ['Phenomena'], ['Observable'], ['Physics'], ['Natural_science'], ['Branches_of_science'], ['Science'], ['Scientific_method']]
[['Special:Random'], ['Florida_State_Parks'], ['State_park'], ['Park'], ['Recreation'], ['Leisure'], ['Time'], ['Sequence'], ['Mathematics'], ['Epistemology'], ['Outline_of_philosophy'], ['Reason'], ['Logic'], ['Truth'], ['Fact'], ['Experience'], ['Conscious'], ['Sentience'], ['Emotion'], ['Mental_state'], ['Mind'], ['Phenomena'], ['Observable'], ['Physics'], ['Natural_science'], ['Branches_of_science'], ['Science'], ['Scientific_method'], ['Empirical_evidence'], ['Proposition'], ['Logic']]
[['Special:Random'], ['Moth'], ['Paraphyly'], ['Taxonomy_'], ['Categorization'], ['Experience'], ['Conscious'], ['Sentience'], ['Emotion'], ['Mental_state'], ['Mind'], ['Phenomena'], ['Observable'], ['Physics'], ['Natural_science'], ['Branches_of_science'], ['Science'], ['Scientific_method'], ['Empirical_evidence'], ['Proposition'], ['Logic'], ['Truth'], ['Fact'], ['Experience']]
[['Special:Random'], ['Television_film'], ['Feature_film'], ['Narrative_film'], ['Motion_picture'], ['Visual_art'], ['Art', 'Forms,_genres,_media,_and_styles'], ['Human_behavior'], ['Human'], ['Species'], ['Biology'], ['Science'], ['Scientific_method'], ['Empirical_evidence'], ['Proposition'], ['Logic'], ['Truth'], ['Fact'], ['Experience'], ['Conscious'], ['Sentience'], ['Emotion'], ['Mental_state'], ['Mind'], ['Phenomena'], ['Observable'], ['Physics'], ['Natural_science'], ['Branches_of_science'], ['Science']]
[['Special:Random'], ['Wiley-Blackwell'], ['John_Wiley_%26_Sons'], ['Multinational_corporation'], ['Corporation'], ['Company'], ['Legal_personality'], ['Law'], ['System'], ['Interaction'], ['Causality'], ['Event_']]
[['Special:Random'], ['Psocoptera'], ['Paraphyletic'], ['Taxonomy_'], ['Categorization'], ['Experience'], ['Conscious'], ['Sentience'], ['Emotion'], ['Mental_state'], ['Mind'], ['Phenomena'], ['Observable'], ['Physics'], ['Natural_science'], ['Branches_of_science'], ['Science'], ['Scientific_method'], ['Empirical_evidence'], ['Proposition'], ['Logic'], ['Truth'], ['Fact'], ['Experience']]
[['Special:Random'], ['Splatterpunk'], ['Horror_fiction'], ['Genre'], ['Communication'], ['Academic_discipline'], ['Knowledge'], ['Fact'], ['Experience'], ['Conscious'], ['Sentience'], ['Emotion'], ['Mental_state'], ['Mind'], ['Phenomena'], ['Observable'], ['Physics'], ['Natural_science'], ['Branches_of_science'], ['Science'], ['Scientific_method'], ['Empirical_evidence'], ['Proposition'], ['Logic'], ['Truth'], ['Fact']]
[['Special:Random'], ['Senegal'], ['West_Africa']]
[['Special:Random'], ['Asset'], ['Financial_accountancy'], ['Accounting'], ['Measurement'], ['Quantification_']]
[['Special:Random'], ['Listed_building', 'Scotland'], ['Historic_England'], ['Non-departmental_public_body'], ['United_Kingdom'], ['Sovereign_state'], ['Polity'], ['Political'], ['Decision-making'], ['Psychology'], ['Scientific'], ['Scientific_method'], ['Empirical_evidence'], ['Proposition'], ['Logic'], ['Truth'], ['Fact'], ['Experience'], ['Conscious'], ['Sentience'], ['Emotion'], ['Mental_state'], ['Mind'], ['Phenomena'], ['Observable'], ['Physics'], ['Natural_science'], ['Branches_of_science'], ['Science'], ['Scientific_method']]
[['Special:Random'], ['Ivory_Coast'], ['West_Africa']]
[['Special:Random'], ['Immigration_policy'], ['Border'], ['Geographic'], ['Solar_System'], ['Gravity'], ['List_of_natural_phenomena'], ['Weather'], ['Atmosphere'], ['Gas'], ['State_of_matter'], ['Physics'], ['Natural_science'], ['Branches_of_science'], ['Science'], ['Scientific_method'], ['Empirical_evidence'], ['Proposition'], ['Logic'], ['Truth'], ['Fact'], ['Experience'], ['Conscious'], ['Sentience'], ['Emotion'], ['Mental_state'], ['Mind'], ['Phenomena'], ['Observable'], ['Physics']]
[['Special:Random'], ['Exeter'], ['Devon'], ['Counties_of_England'], ['Middle_Ages'], ['History_of_Europe'], ['Europe'], ['Eurasia'], ['Continent'], ['Landmass'], ['Region'], ['Geography'], ['Solar_System'], ['Gravity'], ['List_of_natural_phenomena'], ['Weather'], ['Atmosphere'], ['Gas'], ['State_of_matter'], ['Physics'], ['Natural_science'], ['Branches_of_science'], ['Science'], ['Scientific_method'], ['Empirical_evidence'], ['Proposition'], ['Logic'], ['Truth'], ['Fact'], ['Experience'], ['Conscious'], ['Sentience'], ['Emotion'], ['Mental_state'], ['Mind'], ['Phenomena'], ['Observable'], ['Physics']]
[['Special:Random'], ['Glasgow,_Paisley,_Kilmarnock_and_Ayr_Railway'], ['Glasgow'], ['List_of_towns_and_cities_in_Scotland_by_population', 'Localities'], ['Scotland'], ['Countries_of_the_United_Kingdom'], ['United_Kingdom_of_Great_Britain_and_Northern_Ireland'], ['Sovereign_state'], ['Polity'], ['Political'], ['Decision-making'], ['Psychology'], ['Scientific'], ['Scientific_method'], ['Empirical_evidence'], ['Proposition'], ['Logic'], ['Truth'], ['Fact'], ['Experience'], ['Conscious'], ['Sentience'], ['Emotion'], ['Mental_state'], ['Mind'], ['Phenomena'], ['Observable'], ['Physics'], ['Natural_science'], ['Branches_of_science'], ['Science'], ['Scientific_method']]
[['Special:Random'], ['Prince_Edward_County,_Ontario'], ['Sandbanks_Provincial_Park'], ['Provincial_park'], ['Park'], ['Recreation'], ['Leisure'], ['Time'], ['Sequence'], ['Mathematics'], ['Epistemology'], ['Outline_of_philosophy'], ['Reason'], ['Logic'], ['Truth'], ['Fact'], ['Experience'], ['Conscious'], ['Sentience'], ['Emotion'], ['Mental_state'], ['Mind'], ['Phenomena'], ['Observable'], ['Physics'], ['Natural_science'], ['Branches_of_science'], ['Science'], ['Scientific_method'], ['Empirical_evidence'], ['Proposition'], ['Logic']]
[['Special:Random'], ['Content-based_image_retrieval'], ['Computer_vision'], ['Interdisciplinarity'], ['Academic_discipline'], ['Knowledge'], ['Fact'], ['Experience'], ['Conscious'], ['Sentience'], ['Emotion'], ['Mental_state'], ['Mind'], ['Phenomena'], ['Observable'], ['Physics'], ['Natural_science'], ['Branches_of_science'], ['Science'], ['Scientific_method'], ['Empirical_evidence'], ['Proposition'], ['Logic'], ['Truth'], ['Fact']]
[['Special:Random'], ['Andrea_Riseborough'], ['British_Academy_Television_Award_for_Best_Actress'], ['British_Academy_Television_Awards'], ['BAFTA'], ['David_Lean'], ['Epic_film'], ['Genre'], ['Communication'], ['Academic_discipline'], ['Knowledge'], ['Fact'], ['Experience'], ['Conscious'], ['Sentience'], ['Emotion'], ['Mental_state'], ['Mind'], ['Phenomena'], ['Observable'], ['Physics'], ['Natural_science'], ['Branches_of_science'], ['Science'], ['Scientific_method'], ['Empirical_evidence'], ['Proposition'], ['Logic'], ['Truth'], ['Fact']]
[['Special:Random'], ['Northeastern_University_'], ['Private_university'], ['Tax_breaks'], ['Tax_relief'], ['Charitable_organizations'], ['Philanthropy'], ['Public_good_']]
[['Special:Random'], ['Star_Trek:_The_Original_Series_'], ['Science_fiction_on_television'], ['Science_fiction'], ['Genre'], ['Communication'], ['Academic_discipline'], ['Knowledge'], ['Fact'], ['Experience'], ['Conscious'], ['Sentience'], ['Emotion'], ['Mental_state'], ['Mind'], ['Phenomena'], ['Observable'], ['Physics'], ['Natural_science'], ['Branches_of_science'], ['Science'], ['Scientific_method'], ['Empirical_evidence'], ['Proposition'], ['Logic'], ['Truth'], ['Fact']]
[['Special:Random'], ['Townland'], ['Ireland'], ['Island'], ['Continent', 'Subcontinents'], ['Landmass'], ['Region'], ['Geography'], ['Solar_System'], ['Gravity'], ['List_of_natural_phenomena'], ['Weather'], ['Atmosphere'], ['Gas'], ['State_of_matter'], ['Physics'], ['Natural_science'], ['Branches_of_science'], ['Science'], ['Scientific_method'], ['Empirical_evidence'], ['Proposition'], ['Logic'], ['Truth'], ['Fact'], ['Experience'], ['Conscious'], ['Sentience'], ['Emotion'], ['Mental_state'], ['Mind'], ['Phenomena'], ['Observable'], ['Physics']]
[['Special:Random'], ['River_Thames'], ['The_Isis'], ['River_Thames']]
[['Special:Random'], ['Japan'], ['Island_country'], ['Country'], ['Political_entity'], ['Political'], ['Decision-making'], ['Psychology'], ['Scientific'], ['Scientific_method'], ['Empirical_evidence'], ['Proposition'], ['Logic'], ['Truth'], ['Fact'], ['Experience'], ['Conscious'], ['Sentience'], ['Emotion'], ['Mental_state'], ['Mind'], ['Phenomena'], ['Observable'], ['Physics'], ['Natural_science'], ['Branches_of_science'], ['Science'], ['Scientific_method']]
[['Special:Random'], ['Fencing'], ['Combat_sports'], ['Contact_sport'], ['Sport'], ['Competition'], ['Rivalry'], ['Social_group'], ['Social_science'], ['Branches_of_science'], ['Science'], ['Scientific_method'], ['Empirical_evidence'], ['Proposition'], ['Logic'], ['Truth'], ['Fact'], ['Experience'], ['Conscious'], ['Sentience'], ['Emotion'], ['Mental_state'], ['Mind'], ['Phenomena'], ['Observable'], ['Physics'], ['Natural_science'], ['Branches_of_science']]
[['Special:Random'], ['Portland_Beavers'], ['Minor_league_baseball'], ['Professional_baseball'], ['Baseball'], ['Bat-and-ball_games'], ['Playing_field'], ['Sport'], ['Competition'], ['Rivalry'], ['Social_group'], ['Social_science'], ['Branches_of_science'], ['Science'], ['Scientific_method'], ['Empirical_evidence'], ['Proposition'], ['Logic'], ['Truth'], ['Fact'], ['Experience'], ['Conscious'], ['Sentience'], ['Emotion'], ['Mental_state'], ['Mind'], ['Phenomena'], ['Observable'], ['Physics'], ['Natural_science'], ['Branches_of_science']]
[['Special:Random'], ['Chenghai_District'], ['District_of_China'], ['China'], ['East_Asia'], ['Southeast_Asia'], ['United_Nations_geoscheme_for_Asia', 'South-eastern_Asia'], ['Subregion'], ['Region'], ['Geography'], ['Solar_System'], ['Gravity'], ['List_of_natural_phenomena'], ['Weather'], ['Atmosphere'], ['Gas'], ['State_of_matter'], ['Physics'], ['Natural_science'], ['Branches_of_science'], ['Science'], ['Scientific_method'], ['Empirical_evidence'], ['Proposition'], ['Logic'], ['Truth'], ['Fact'], ['Experience'], ['Conscious'], ['Sentience'], ['Emotion'], ['Mental_state'], ['Mind'], ['Phenomena'], ['Observable'], ['Physics']]
[['Special:Random'], ['New_York_Yankees'], ['Baseball'], ['Bat-and-ball_games'], ['Playing_field'], ['Sport'], ['Competition'], ['Rivalry'], ['Social_group'], ['Social_science'], ['Branches_of_science'], ['Science'], ['Scientific_method'], ['Empirical_evidence'], ['Proposition'], ['Logic'], ['Truth'], ['Fact'], ['Experience'], ['Conscious'], ['Sentience'], ['Emotion'], ['Mental_state'], ['Mind'], ['Phenomena'], ['Observable'], ['Physics'], ['Natural_science'], ['Branches_of_science']]
[['Special:Random'], ['Plebs'], ['Ancient_Rome'], ['Historiography'], ['Historian'], ['Recorded_history'], ['History'], ['History_of_writing', 'Inventions_of_writing'], ['Writing_systems'], ['Communication'], ['Academic_discipline'], ['Knowledge'], ['Fact'], ['Experience'], ['Conscious'], ['Sentience'], ['Emotion'], ['Mental_state'], ['Mind'], ['Phenomena'], ['Observable'], ['Physics'], ['Natural_science'], ['Branches_of_science'], ['Science'], ['Scientific_method'], ['Empirical_evidence'], ['Proposition'], ['Logic'], ['Truth'], ['Fact']]
[['Special:Random'], ['Sierra_Leone'], ['West_Africa']]
[['Special:Random'], ['Malaysian_Federal_Roads_System'], ['Malaysia'], ['Southeast_Asia'], ['United_Nations_geoscheme_for_Asia', 'South-eastern_Asia'], ['Subregion'], ['Region'], ['Geography'], ['Solar_System'], ['Gravity'], ['List_of_natural_phenomena'], ['Weather'], ['Atmosphere'], ['Gas'], ['State_of_matter'], ['Physics'], ['Natural_science'], ['Branches_of_science'], ['Science'], ['Scientific_method'], ['Empirical_evidence'], ['Proposition'], ['Logic'], ['Truth'], ['Fact'], ['Experience'], ['Conscious'], ['Sentience'], ['Emotion'], ['Mental_state'], ['Mind'], ['Phenomena'], ['Observable'], ['Physics']]
[['Special:Random'], ['Swimming_'], ['Propulsion'], ['Technology'], ['Art_techniques_and_materials'], ['Material'], ['Matter'], ['Classical_physics'], ['Physics'], ['Natural_science'], ['Branches_of_science'], ['Science'], ['Scientific_method'], ['Empirical_evidence'], ['Proposition'], ['Logic'], ['Truth'], ['Fact'], ['Experience'], ['Conscious'], ['Sentience'], ['Emotion'], ['Mental_state'], ['Mind'], ['Phenomena'], ['Observable'], ['Physics']]
[['Special:Random'], ['Wyandot_people'], ['Iroquoian'], ['Indigenous_peoples_of_the_Americas'], ['Americas'], ['North_America'], ['Continent'], ['Landmass'], ['Region'], ['Geography'], ['Solar_System'], ['Gravity'], ['List_of_natural_phenomena'], ['Weather'], ['Atmosphere'], ['Gas'], ['State_of_matter'], ['Physics'], ['Natural_science'], ['Branches_of_science'], ['Science'], ['Scientific_method'], ['Empirical_evidence'], ['Proposition'], ['Logic'], ['Truth'], ['Fact'], ['Experience'], ['Conscious'], ['Sentience'], ['Emotion'], ['Mental_state'], ['Mind'], ['Phenomena'], ['Observable'], ['Physics']]
[['Special:Random'], ['Choreography_'], ['Art'], ['Human_behavior'], ['Human'], ['Species'], ['Biology'], ['Science'], ['Scientific_method'], ['Empirical_evidence'], ['Proposition'], ['Logic'], ['Truth'], ['Fact'], ['Experience'], ['Conscious'], ['Sentience'], ['Emotion'], ['Mental_state'], ['Mind'], ['Phenomena'], ['Observable'], ['Physics'], ['Natural_science'], ['Branches_of_science'], ['Science']]
[['Special:Random'], ['Tunnel'], ['Pipeline_transport'], ['Transportation'], ['Motion'], ['Physics'], ['Natural_science'], ['Branches_of_science'], ['Science'], ['Scientific_method'], ['Empirical_evidence'], ['Proposition'], ['Logic'], ['Truth'], ['Fact'], ['Experience'], ['Conscious'], ['Sentience'], ['Emotion'], ['Mental_state'], ['Mind'], ['Phenomena'], ['Observable'], ['Physics']]
[['Special:Random'], ['Criminal_law'], ['Law'], ['System'], ['Interaction'], ['Causality'], ['Event_']]
[['Special:Random'], ['Chinese_cuisine'], ['Chinese_culture'], ['East_Asia'], ['Southeast_Asia'], ['United_Nations_geoscheme_for_Asia', 'South-eastern_Asia'], ['Subregion'], ['Region'], ['Geography'], ['Solar_System'], ['Gravity'], ['List_of_natural_phenomena'], ['Weather'], ['Atmosphere'], ['Gas'], ['State_of_matter'], ['Physics'], ['Natural_science'], ['Branches_of_science'], ['Science'], ['Scientific_method'], ['Empirical_evidence'], ['Proposition'], ['Logic'], ['Truth'], ['Fact'], ['Experience'], ['Conscious'], ['Sentience'], ['Emotion'], ['Mental_state'], ['Mind'], ['Phenomena'], ['Observable'], ['Physics']]
[['Special:Random'], ['Organist'], ['Organ_']]
[['Special:Random'], ['Brewery'], ['Beer'], ['Alcoholic_drink'], ['Drink'], ['Liquid'], ['Compressibility'], ['Thermodynamics'], ['Physics'], ['Natural_science'], ['Branches_of_science'], ['Science'], ['Scientific_method'], ['Empirical_evidence'], ['Proposition'], ['Logic'], ['Truth'], ['Fact'], ['Experience'], ['Conscious'], ['Sentience'], ['Emotion'], ['Mental_state'], ['Mind'], ['Phenomena'], ['Observable'], ['Physics']]
[['Special:Random'], ['Surrealism'], ['Cultural_movement'], ['Art'], ['Human_behavior'], ['Human'], ['Species'], ['Biology'], ['Science'], ['Scientific_method'], ['Empirical_evidence'], ['Proposition'], ['Logic'], ['Truth'], ['Fact'], ['Experience'], ['Conscious'], ['Sentience'], ['Emotion'], ['Mental_state'], ['Mind'], ['Phenomena'], ['Observable'], ['Physics'], ['Natural_science'], ['Branches_of_science'], ['Science']]
[['Special:Random'], ['Moth'], ['Paraphyly'], ['Taxonomy_'], ['Categorization'], ['Experience'], ['Conscious'], ['Sentience'], ['Emotion'], ['Mental_state'], ['Mind'], ['Phenomena'], ['Observable'], ['Physics'], ['Natural_science'], ['Branches_of_science'], ['Science'], ['Scientific_method'], ['Empirical_evidence'], ['Proposition'], ['Logic'], ['Truth'], ['Fact'], ['Experience']]
[['Special:Random'], ['Abbot'], ['Ecclesiastic'], ['Christian_theology'], ['Theology'], ['Divinity'], ['Deity'], ['Supernatural'], ['Scientific_law'], ['Reproducibility'], ['Scientific_method'], ['Empirical_evidence'], ['Proposition'], ['Logic'], ['Truth'], ['Fact'], ['Experience'], ['Conscious'], ['Sentience'], ['Emotion'], ['Mental_state'], ['Mind'], ['Phenomena'], ['Observable'], ['Physics'], ['Natural_science'], ['Branches_of_science'], ['Science'], ['Scientific_method']]
[['Special:Random'], ['Baseball'], ['Bat-and-ball_games'], ['Playing_field'], ['Sport'], ['Competition'], ['Rivalry'], ['Social_group'], ['Social_science'], ['Branches_of_science'], ['Science'], ['Scientific_method'], ['Empirical_evidence'], ['Proposition'], ['Logic'], ['Truth'], ['Fact'], ['Experience'], ['Conscious'], ['Sentience'], ['Emotion'], ['Mental_state'], ['Mind'], ['Phenomena'], ['Observable'], ['Physics'], ['Natural_science'], ['Branches_of_science']]
[['Special:Random'], ['Market_town'], ['Human_settlement'], ['Geography'], ['Solar_System'], ['Gravity'], ['List_of_natural_phenomena'], ['Weather'], ['Atmosphere'], ['Gas'], ['State_of_matter'], ['Physics'], ['Natural_science'], ['Branches_of_science'], ['Science'], ['Scientific_method'], ['Empirical_evidence'], ['Proposition'], ['Logic'], ['Truth'], ['Fact'], ['Experience'], ['Conscious'], ['Sentience'], ['Emotion'], ['Mental_state'], ['Mind'], ['Phenomena'], ['Observable'], ['Physics']]
[['Special:Random'], ['Foam'], ['Gas'], ['State_of_matter'], ['Physics'], ['Natural_science'], ['Branches_of_science'], ['Science'], ['Scientific_method'], ['Empirical_evidence'], ['Proposition'], ['Logic'], ['Truth'], ['Fact'], ['Experience'], ['Conscious'], ['Sentience'], ['Emotion'], ['Mental_state'], ['Mind'], ['Phenomena'], ['Observable'], ['Physics']]
[['Special:Random'], ['Moth'], ['Paraphyly'], ['Taxonomy_'], ['Categorization'], ['Experience'], ['Conscious'], ['Sentience'], ['Emotion'], ['Mental_state'], ['Mind'], ['Phenomena'], ['Observable'], ['Physics'], ['Natural_science'], ['Branches_of_science'], ['Science'], ['Scientific_method'], ['Empirical_evidence'], ['Proposition'], ['Logic'], ['Truth'], ['Fact'], ['Experience']]
[['Special:Random'], ['Sculpture'], ['Visual_arts'], ['Art', 'Forms,_genres,_media,_and_styles'], ['Human_behavior'], ['Human'], ['Species'], ['Biology'], ['Science'], ['Scientific_method'], ['Empirical_evidence'], ['Proposition'], ['Logic'], ['Truth'], ['Fact'], ['Experience'], ['Conscious'], ['Sentience'], ['Emotion'], ['Mental_state'], ['Mind'], ['Phenomena'], ['Observable'], ['Physics'], ['Natural_science'], ['Branches_of_science'], ['Science']]
[['Special:Random'], ['United_States'], ['Continental_United_States'], ['U.S._state'], ['United_States']]
[['Special:Random'], ['Seyyedvaliyeddin_Rural_District'], ['Rural_Districts_of_Iran'], ['Administrative_divisions_of_Iran'], ['Country_subdivision'], ['Sovereign_state'], ['Polity'], ['Political'], ['Decision-making'], ['Psychology'], ['Scientific'], ['Scientific_method'], ['Empirical_evidence'], ['Proposition'], ['Logic'], ['Truth'], ['Fact'], ['Experience'], ['Conscious'], ['Sentience'], ['Emotion'], ['Mental_state'], ['Mind'], ['Phenomena'], ['Observable'], ['Physics'], ['Natural_science'], ['Branches_of_science'], ['Science'], ['Scientific_method']]
[['Special:Random'], ['Shopping_mall'], ['Shopping_center'], ['Marketplace'], ['Market_square'], ['Town_square'], ['Public_space'], ['Public_square'], ['Public_space']]
[['Special:Random'], ['Privy_Council_of_the_United_Kingdom'], ['Privy_council'], ['Advice_']]
[['Special:Random'], ['Xerophile'], ['Extremophile'], ['Organism'], ['Biology'], ['Science'], ['Scientific_method'], ['Empirical_evidence'], ['Proposition'], ['Logic'], ['Truth'], ['Reality'], ['Object_of_the_mind'], ['Object_']]
[['Special:Random'], ['Association_football'], ['Team_sport'], ['Sport'], ['Competition'], ['Rivalry'], ['Social_group'], ['Social_science'], ['Branches_of_science'], ['Science'], ['Scientific_method'], ['Empirical_evidence'], ['Proposition'], ['Logic'], ['Truth'], ['Reality'], ['Object_of_the_mind'], ['Object_']]
[['Special:Random'], ['Triathlon'], ['Multisport_race'], ['Sport'], ['Competition'], ['Rivalry'], ['Social_group'], ['Social_science'], ['Branches_of_science'], ['Science'], ['Scientific_method'], ['Empirical_evidence'], ['Proposition'], ['Logic'], ['Truth'], ['Reality'], ['Object_of_the_mind'], ['Object_']]
[['Special:Random'], ['Communes_of_Mauritania'], ['Government_of_Mauritania'], ['2005'], ['Common_year_starting_on_Saturday'], ['Leap_year'], ['Calendar_year'], ['New_Year%27s_Day'], ['January_1'], ['Gregorian_Calendar'], ['Calendar'], ['Time'], ['Sequence'], ['Mathematics'], ['Epistemology'], ['Outline_of_philosophy'], ['Reason'], ['Logic'], ['Truth'], ['Reality'], ['Object_of_the_mind'], ['Object_']]
[['Special:Random'], ['Conducting'], ['Orchestra'], ['Musical_ensemble'], ['Instrumental_music'], ['Vocal'], ['Sound'], ['Physics'], ['Natural_science'], ['Branches_of_science'], ['Science'], ['Scientific_method'], ['Empirical_evidence'], ['Proposition'], ['Logic'], ['Truth'], ['Reality'], ['Object_of_the_mind'], ['Object_']]
[['Special:Random'], ['Sault_Ste._Marie_City_Council'], ['Ward_']]
[['Special:Random'], ['Village'], ['Human_settlement'], ['Geography'], ['Solar_System'], ['Gravity'], ['List_of_natural_phenomena'], ['Weather'], ['Atmosphere'], ['Gas'], ['State_of_matter'], ['Physics'], ['Natural_science'], ['Branches_of_science'], ['Science'], ['Scientific_method'], ['Empirical_evidence'], ['Proposition'], ['Logic'], ['Truth'], ['Reality'], ['Object_of_the_mind'], ['Object_']]
[['Special:Random'], ['Bangladeshi_Navy'], ['Naval_warfare'], ['Combat'], ['Violence'], ['World_Health_Organization'], ['List_of_specialized_agencies_of_the_United_Nations'], ['United_Nations'], ['Intergovernmental_organization'], ['Group_of_Seven'], ['Inter-governmental'], ['International_relations'], ['Foreign_policy'], ['State_']]
[['Special:Random'], ['Japanese_festivals'], ['Traditional_Chinese_holidays'], ['Chinese_New_Year'], ['New_Year'], ['Time'], ['Sequence'], ['Mathematics'], ['Epistemology'], ['Outline_of_philosophy'], ['Reason'], ['Logic'], ['Truth'], ['Reality'], ['Object_of_the_mind'], ['Object_']]
[['Special:Random'], ['New_York_City'], ['New_York_']]
[['Special:Random'], ['Copenhagen'], ['Denmark'], ['Nordic_countries'], ['Region'], ['Geography'], ['Solar_System'], ['Gravity'], ['List_of_natural_phenomena'], ['Weather'], ['Atmosphere'], ['Gas'], ['State_of_matter'], ['Physics'], ['Natural_science'], ['Branches_of_science'], ['Science'], ['Scientific_method'], ['Empirical_evidence'], ['Proposition'], ['Logic'], ['Truth'], ['Reality'], ['Object_of_the_mind'], ['Object_']]
[['Special:Random'], ['Japanese_people'], ['Ethnic_group'], ['People'], ['Person'], ['Reason'], ['Logic'], ['Truth'], ['Reality'], ['Object_of_the_mind'], ['Object_']]
[['Special:Random'], ['Documentary'], ['Film'], ['Visual_art'], ['Art', 'Forms,_genres,_media,_and_styles'], ['Human_behavior'], ['Human'], ['Species'], ['Biology'], ['Science'], ['Scientific_method'], ['Empirical_evidence'], ['Proposition'], ['Logic'], ['Truth'], ['Reality'], ['Object_of_the_mind'], ['Object_']]
[['Special:Random'], ['Species'], ['Biology'], ['Science'], ['Scientific_method'], ['Empirical_evidence'], ['Proposition'], ['Logic'], ['Truth'], ['Reality'], ['Object_of_the_mind'], ['Object_']]
[['Special:Random'], ['Mosque'], ['Place_of_worship'], ['https://en.wiktionary.org/wiki/congregation'], ['William_Tyndale'], ['Protestantism'], ['Christianity'], ['Abrahamic_religions'], ['Monotheism'], ['Deity'], ['Supernatural'], ['Scientific_law'], ['Reproducibility'], ['Scientific_method'], ['Empirical_evidence'], ['Proposition'], ['Logic'], ['Truth'], ['Reality'], ['Object_of_the_mind'], ['Object_']]
[['Special:Random'], ['Co-counselling'], ['Harvey_Jackins'], ['Re-evaluation_Counseling'], ['Harvey_Jackins']]
[['Special:Random'], ['Mexico'], ['List_of_sovereign_states'], ['Sovereign_state'], ['Polity'], ['Political'], ['Decision-making'], ['Psychology'], ['Scientific'], ['Scientific_method'], ['Empirical_evidence'], ['Proposition'], ['Logic'], ['Truth'], ['Reality'], ['Object_of_the_mind'], ['Object_']]
[['Special:Random'], ['Village'], ['Human_settlement'], ['Geography'], ['Solar_System'], ['Gravity'], ['List_of_natural_phenomena'], ['Weather'], ['Atmosphere'], ['Gas'], ['State_of_matter'], ['Physics'], ['Natural_science'], ['Branches_of_science'], ['Science'], ['Scientific_method'], ['Empirical_evidence'], ['Proposition'], ['Logic'], ['Truth'], ['Reality'], ['Object_of_the_mind'], ['Object_']]
[['Special:Random'], ['Districts_of_Bangkok'], ['Bangkok'], ['Thailand'], ['Southeast_Asia'], ['United_Nations_geoscheme_for_Asia', 'South-eastern_Asia'], ['Subregion'], ['Region'], ['Geography'], ['Solar_System'], ['Gravity'], ['List_of_natural_phenomena'], ['Weather'], ['Atmosphere'], ['Gas'], ['State_of_matter'], ['Physics'], ['Natural_science'], ['Branches_of_science'], ['Science'], ['Scientific_method'], ['Empirical_evidence'], ['Proposition'], ['Logic'], ['Truth'], ['Fact'], ['Experience'], ['Conscious'], ['Sentience'], ['Emotion'], ['Mental_state'], ['Mind'], ['Phenomena'], ['Observable'], ['Physics']]
[['Special:Random'], ['Valencian_Community'], ['Autonomous_communities_of_Spain'], ['Spain'], ['Mediterranean_Sea'], ['Sea'], ['Body_of_water'], ['Water'], ['Inorganic_compound'], ['Chemistry'], ['Science'], ['Scientific_method'], ['Empirical_evidence'], ['Proposition'], ['Logic'], ['Truth'], ['Fact'], ['Experience'], ['Conscious'], ['Sentience'], ['Emotion'], ['Mental_state'], ['Mind'], ['Phenomena'], ['Observable'], ['Physics'], ['Natural_science'], ['Branches_of_science'], ['Science']]
[['Special:Random'], ['Anadolu_University'], ['Public_university'], ['University'], ['Educational_institution'], ['Education'], ['Learning'], ['Understanding'], ['Psychological'], ['Scientific'], ['Scientific_method'], ['Empirical_evidence'], ['Proposition'], ['Logic'], ['Truth'], ['Fact'], ['Experience'], ['Conscious'], ['Sentience'], ['Emotion'], ['Mental_state'], ['Mind'], ['Phenomena'], ['Observable'], ['Physics'], ['Natural_science'], ['Branches_of_science'], ['Science'], ['Scientific_method']]
[['Special:Random'], ['Types_of_inhabited_localities_in_Russia'], ['Soviet_Union'], ['Socialist_state'], ['Sovereign_state'], ['Polity'], ['Political'], ['Decision-making'], ['Psychology'], ['Scientific'], ['Scientific_method'], ['Empirical_evidence'], ['Proposition'], ['Logic'], ['Truth'], ['Fact'], ['Experience'], ['Conscious'], ['Sentience'], ['Emotion'], ['Mental_state'], ['Mind'], ['Phenomena'], ['Observable'], ['Physics'], ['Natural_science'], ['Branches_of_science'], ['Science'], ['Scientific_method']]
[['Special:Random'], ['South_Dakota'], ['U.S._state'], ['United_States'], ['Continental_United_States'], ['U.S._state']]
[['Special:Random'], ['Type_42_destroyer'], ['Guided_missile_destroyer'], ['Guided_missile'], ['Missile_guidance'], ['Missile'], ['Missile_guidance']]
[['Special:Random'], ['Destroyer'], ['Navy'], ['Armed_forces'], ['Warfare'], ['State_']]
[['Special:Random'], ['Mexico'], ['List_of_sovereign_states'], ['Sovereign_state'], ['Polity'], ['Political'], ['Decision-making'], ['Psychology'], ['Scientific'], ['Scientific_method'], ['Empirical_evidence'], ['Proposition'], ['Logic'], ['Truth'], ['Fact'], ['Experience'], ['Conscious'], ['Sentience'], ['Emotion'], ['Mental_state'], ['Mind'], ['Phenomena'], ['Observable'], ['Physics'], ['Natural_science'], ['Branches_of_science'], ['Science'], ['Scientific_method']]
[['Special:Random'], ['Inline-four_engine'], ['Reciprocating_engine'], ['Heat_engine'], ['Thermodynamics'], ['Physics'], ['Natural_science'], ['Branches_of_science'], ['Science'], ['Scientific_method'], ['Empirical_evidence'], ['Proposition'], ['Logic'], ['Truth'], ['Fact'], ['Experience'], ['Conscious'], ['Sentience'], ['Emotion'], ['Mental_state'], ['Mind'], ['Phenomena'], ['Observable'], ['Physics']]
[['Special:Random'], ['Polish_resistance_movement_in_World_War_II'], ['Home_Army'], ['Polish_resistance_movement_in_World_War_II']]
[['Special:Random'], ['Senior_high_school'], ['Secondary_education'], ['International_Standard_Classification_of_Education'], ['Education'], ['Learning'], ['Understanding'], ['Psychological'], ['Scientific'], ['Scientific_method'], ['Empirical_evidence'], ['Proposition'], ['Logic'], ['Truth'], ['Fact'], ['Experience'], ['Conscious'], ['Sentience'], ['Emotion'], ['Mental_state'], ['Mind'], ['Phenomena'], ['Observable'], ['Physics'], ['Natural_science'], ['Branches_of_science'], ['Science'], ['Scientific_method']]
[['Special:Random'], ['Enzyme'], ['Protein'], ['Biomolecule'], ['Molecule'], ['Electrically'], ['Physics'], ['Natural_science'], ['Branches_of_science'], ['Science'], ['Scientific_method'], ['Empirical_evidence'], ['Proposition'], ['Logic'], ['Truth'], ['Fact'], ['Experience'], ['Conscious'], ['Sentience'], ['Emotion'], ['Mental_state'], ['Mind'], ['Phenomena'], ['Observable'], ['Physics']]
[['Special:Random'], ['Neomodern_architecture'], ['Postmodern_architecture'], ['Modern_architecture'], ['Architectural_style'], ['Style_']]
[['Special:Random'], ['2018_Speedway_Grand_Prix'], ['Speedway_Grand_Prix'], ['Motorcycle_speedway'], ['Motorcycle_sport'], ['Sport'], ['Competition'], ['Rivalry'], ['Social_group'], ['Social_science'], ['Branches_of_science'], ['Science'], ['Scientific_method'], ['Empirical_evidence'], ['Proposition'], ['Logic'], ['Truth'], ['Fact'], ['Experience'], ['Conscious'], ['Sentience'], ['Emotion'], ['Mental_state'], ['Mind'], ['Phenomena'], ['Observable'], ['Physics'], ['Natural_science'], ['Branches_of_science']]
[['Special:Random'], ['Poshtkuh-e_Mugui_Rural_District'], ['Rural_Districts_of_Iran'], ['Administrative_divisions_of_Iran'], ['Country_subdivision'], ['Sovereign_state'], ['Polity'], ['Political'], ['Decision-making'], ['Psychology'], ['Scientific'], ['Scientific_method'], ['Empirical_evidence'], ['Proposition'], ['Logic'], ['Truth'], ['Fact'], ['Experience'], ['Conscious'], ['Sentience'], ['Emotion'], ['Mental_state'], ['Mind'], ['Phenomena'], ['Observable'], ['Physics'], ['Natural_science'], ['Branches_of_science'], ['Science'], ['Scientific_method']]
[['Special:Random'], ['Cult_film'], ['Film'], ['Visual_art'], ['Art', 'Forms,_genres,_media,_and_styles'], ['Human_behavior'], ['Human'], ['Species'], ['Biology'], ['Science'], ['Scientific_method'], ['Empirical_evidence'], ['Proposition'], ['Logic'], ['Truth'], ['Fact'], ['Experience'], ['Conscious'], ['Sentience'], ['Emotion'], ['Mental_state'], ['Mind'], ['Phenomena'], ['Observable'], ['Physics'], ['Natural_science'], ['Branches_of_science'], ['Science']]
[['Special:Random'], ['Basque_people'], ['Southwestern_Europe'], ['Peninsula'], ['Landform'], ['Planetary_body'], ['Astronomical_body'], ['Physical_object'], ['Classical_mechanics'], ['Physical_theory'], ['Physics'], ['Natural_science'], ['Branches_of_science'], ['Science'], ['Scientific_method'], ['Empirical_evidence'], ['Proposition'], ['Logic'], ['Truth'], ['Fact'], ['Experience'], ['Conscious'], ['Sentience'], ['Emotion'], ['Mental_state'], ['Mind'], ['Phenomena'], ['Observable'], ['Physics']]
[['Special:Random'], ['Katul_Rural_District'], ['Rural_Districts_of_Iran'], ['Administrative_divisions_of_Iran'], ['Country_subdivision'], ['Sovereign_state'], ['Polity'], ['Political'], ['Decision-making'], ['Psychology'], ['Scientific'], ['Scientific_method'], ['Empirical_evidence'], ['Proposition'], ['Logic'], ['Truth'], ['Fact'], ['Experience'], ['Conscious'], ['Sentience'], ['Emotion'], ['Mental_state'], ['Mind'], ['Phenomena'], ['Observable'], ['Physics'], ['Natural_science'], ['Branches_of_science'], ['Science'], ['Scientific_method']]
[['Special:Random'], ['Conservative_Party_']]
[['Special:Random'], ['Charles_Wyndham_']]
[['Special:Random'], ['Epistolary_novel'], ['Novel'], ['Narrative'], ['Nonfiction'], ['Document'], ['Writing'], ['Communication'], ['Academic_discipline'], ['Knowledge'], ['Fact'], ['Experience'], ['Conscious'], ['Sentience'], ['Emotion'], ['Mental_state'], ['Mind'], ['Phenomena'], ['Observable'], ['Physics'], ['Natural_science'], ['Branches_of_science'], ['Science'], ['Scientific_method'], ['Empirical_evidence'], ['Proposition'], ['Logic'], ['Truth'], ['Fact']]
[['Special:Random'], ['Astore_District'], ['Gilgit-Baltistan'], ['Pakistan'], ['South_Asia'], ['Asia'], ['Earth'], ['Planet'], ['Astronomical_body'], ['Physical_object'], ['Classical_mechanics'], ['Physical_theory'], ['Physics'], ['Natural_science'], ['Branches_of_science'], ['Science'], ['Scientific_method'], ['Empirical_evidence'], ['Proposition'], ['Logic'], ['Truth'], ['Fact'], ['Experience'], ['Conscious'], ['Sentience'], ['Emotion'], ['Mental_state'], ['Mind'], ['Phenomena'], ['Observable'], ['Physics']]
[['Special:Random'], ['State-owned'], ['Industry_']]
[['Special:Random'], ['Oncologist'], ['Medicine'], ['Science'], ['Scientific_method'], ['Empirical_evidence'], ['Proposition'], ['Logic'], ['Truth'], ['Fact'], ['Experience'], ['Conscious'], ['Sentience'], ['Emotion'], ['Mental_state'], ['Mind'], ['Phenomena'], ['Observable'], ['Physics'], ['Natural_science'], ['Branches_of_science'], ['Science']]
[['Special:Random'], ['American_Old_West'], ['United_States_territorial_acquisitions'], ['United_States'], ['Continental_United_States'], ['U.S._state'], ['United_States']]
[['Special:Random'], ['Rochester,_New_York'], ['City_'], ['Human_settlement'], ['Geography'], ['Solar_System'], ['Gravity'], ['List_of_natural_phenomena'], ['Weather'], ['Atmosphere'], ['Gas'], ['State_of_matter'], ['Physics'], ['Natural_science'], ['Branches_of_science'], ['Science'], ['Scientific_method'], ['Empirical_evidence'], ['Proposition'], ['Logic'], ['Truth'], ['Fact'], ['Experience'], ['Conscious'], ['Sentience'], ['Emotion'], ['Mental_state'], ['Mind'], ['Phenomena'], ['Observable'], ['Physics']]
[['Special:Random'], ['Protestant'], ['Christianity'], ['Abrahamic_religions'], ['Monotheism'], ['Deity'], ['Supernatural'], ['Scientific_law'], ['Reproducibility'], ['Scientific_method'], ['Empirical_evidence'], ['Proposition'], ['Logic'], ['Truth'], ['Fact'], ['Experience'], ['Conscious'], ['Sentience'], ['Emotion'], ['Mental_state'], ['Mind'], ['Phenomena'], ['Observable'], ['Physics'], ['Natural_science'], ['Branches_of_science'], ['Science'], ['Scientific_method']]
[['Special:Random'], ['Major_League_Baseball'], ['Professional_baseball'], ['Baseball'], ['Bat-and-ball_games'], ['Playing_field'], ['Sport'], ['Competition'], ['Rivalry'], ['Social_group'], ['Social_science'], ['Branches_of_science'], ['Science'], ['Scientific_method'], ['Empirical_evidence'], ['Proposition'], ['Logic'], ['Truth'], ['Fact'], ['Experience'], ['Conscious'], ['Sentience'], ['Emotion'], ['Mental_state'], ['Mind'], ['Phenomena'], ['Observable'], ['Physics'], ['Natural_science'], ['Branches_of_science']]
[['Special:Random'], ['Crime_film'], ['Film_genre'], ['Genre'], ['Communication'], ['Academic_discipline'], ['Knowledge'], ['Fact'], ['Experience'], ['Conscious'], ['Sentience'], ['Emotion'], ['Mental_state'], ['Mind'], ['Phenomena'], ['Observable'], ['Physics'], ['Natural_science'], ['Branches_of_science'], ['Science'], ['Scientific_method'], ['Empirical_evidence'], ['Proposition'], ['Logic'], ['Truth'], ['Fact']]
[['Special:Random'], ['Germany'], ['Central_Europe'], ['Europe'], ['Eurasia'], ['Continent'], ['Landmass'], ['Region'], ['Geography'], ['Solar_System'], ['Gravity'], ['List_of_natural_phenomena'], ['Weather'], ['Atmosphere'], ['Gas'], ['State_of_matter'], ['Physics'], ['Natural_science'], ['Branches_of_science'], ['Science'], ['Scientific_method'], ['Empirical_evidence'], ['Proposition'], ['Logic'], ['Truth'], ['Fact'], ['Experience'], ['Conscious'], ['Sentience'], ['Emotion'], ['Mental_state'], ['Mind'], ['Phenomena'], ['Observable'], ['Physics']]
[['Special:Random'], ['Indonesian_dance'], ['Ethnic_groups_in_Indonesia'], ['Indonesia'], ['Southeast_Asia'], ['United_Nations_geoscheme_for_Asia', 'South-eastern_Asia'], ['Subregion'], ['Region'], ['Geography'], ['Solar_System'], ['Gravity'], ['List_of_natural_phenomena'], ['Weather'], ['Atmosphere'], ['Gas'], ['State_of_matter'], ['Physics'], ['Natural_science'], ['Branches_of_science'], ['Science'], ['Scientific_method'], ['Empirical_evidence'], ['Proposition'], ['Logic'], ['Truth'], ['Fact'], ['Experience'], ['Conscious'], ['Sentience'], ['Emotion'], ['Mental_state'], ['Mind'], ['Phenomena'], ['Observable'], ['Physics']]
